ipl_season,sequence,eventid,innings,target,remainingballs,homescore,awayscore,fallofwickets,ball,over,scorevalue,validball,extras,dismissal,dismissaltype,batsmanid,batsman,batsmanteam,bowlerid,bowler,bowlerteam,otherathleteinvolvedid,otherathleteinvolved,nonstrikerid,nonstriker,runs,runrate
ipl20,100001,1216496,1st innings,0,119,0/0,0,0,1,0.1,0,0,0,False,,1151278,Yashasvi Jaiswal,Rajasthan Royals,447261,Deepak Chahar,Chennai Super Kings,,,267192,Steven Smith,0,0.0
ipl20,100002,1216496,1st innings,0,118,0/0,0,0,2,0.2,0,0,0,False,,1151278,Yashasvi Jaiswal,Rajasthan Royals,447261,Deepak Chahar,Chennai Super Kings,,,267192,Steven Smith,0,0.0
ipl20,100003,1216496,1st innings,0,117,1/0,0,0,3,0.3,1,0,0,False,,1151278,Yashasvi Jaiswal,Rajasthan Royals,447261,Deepak Chahar,Chennai Super Kings,,,267192,Steven Smith,1,2.0
ipl20,100004,1216496,1st innings,0,116,3/0,0,0,4,0.4,2,0,0,False,,267192,Steven Smith,Rajasthan Royals,447261,Deepak Chahar,Chennai Super Kings,,,1151278,Yashasvi Jaiswal,2,4.5
ipl20,100005,1216496,1st innings,0,115,3/0,0,0,5,0.5,0,0,0,False,,267192,Steven Smith,Rajasthan Royals,447261,Deepak Chahar,Chennai Super Kings,,,1151278,Yashasvi Jaiswal,0,3.6
ipl20,100006,1216496,1st innings,0,114,4/0,0,0,6,0.6,1,0,0,False,,267192,Steven Smith,Rajasthan Royals,447261,Deepak Chahar,Chennai Super Kings,,,1151278,Yashasvi Jaiswal,1,4.0
ipl20,100101,1216496,1st innings,0,113,4/0,0,0,7,1.1,0,0,0,False,,267192,Steven Smith,Rajasthan Royals,662973,Sam Curran,Chennai Super Kings,,,1151278,Yashasvi Jaiswal,0,3.42
ipl20,100102,1216496,1st innings,0,113,5/0,0,0,7,1.1,1,1,1,False,,267192,Steven Smith,Rajasthan Royals,662973,Sam Curran,Chennai Super Kings,,,1151278,Yashasvi Jaiswal,1,4.28
ipl20,100103,1216496,1st innings,0,112,5/0,0,0,8,1.2,0,0,0,False,,267192,Steven Smith,Rajasthan Royals,662973,Sam Curran,Chennai Super Kings,,,1151278,Yashasvi Jaiswal,0,3.75
ipl20,100104,1216496,1st innings,0,111,6/0,0,0,9,1.3,1,0,0,False,,267192,Steven Smith,Rajasthan Royals,662973,Sam Curran,Chennai Super Kings,,,1151278,Yashasvi Jaiswal,1,4.0
ipl20,100105,1216496,1st innings,0,110,7/0,0,0,10,1.4,1,0,0,False,,1151278,Yashasvi Jaiswal,Rajasthan Royals,662973,Sam Curran,Chennai Super Kings,,,267192,Steven Smith,1,4.2
ipl20,100106,1216496,1st innings,0,109,7/0,0,0,11,1.5,0,0,0,False,,267192,Steven Smith,Rajasthan Royals,662973,Sam Curran,Chennai Super Kings,,,1151278,Yashasvi Jaiswal,0,3.81
ipl20,100107,1216496,1st innings,0,108,7/0,0,0,12,1.6,0,0,0,False,,267192,Steven Smith,Rajasthan Royals,662973,Sam Curran,Chennai Super Kings,,,1151278,Yashasvi Jaiswal,0,3.5
ipl20,100201,1216496,1st innings,0,107,11/0,0,0,13,2.1,4,0,0,False,,1151278,Yashasvi Jaiswal,Rajasthan Royals,447261,Deepak Chahar,Chennai Super Kings,,,267192,Steven Smith,4,5.07
ipl20,100202,1216496,1st innings,0,106,11/1,0,1,14,2.2,0,0,0,True,caught,1151278,Yashasvi Jaiswal,Rajasthan Royals,447261,Deepak Chahar,Chennai Super Kings,447261,Deepak Chahar,267192,Steven Smith,0,4.71
ipl20,100203,1216496,1st innings,0,105,12/1,0,0,15,2.3,1,0,0,False,,425943,Sanju Samson,Rajasthan Royals,447261,Deepak Chahar,Chennai Super Kings,,,267192,Steven Smith,1,4.8
ipl20,100204,1216496,1st innings,0,104,12/1,0,0,16,2.4,0,0,0,False,,267192,Steven Smith,Rajasthan Royals,447261,Deepak Chahar,Chennai Super Kings,,,425943,Sanju Samson,0,4.5
ipl20,100205,1216496,1st innings,0,103,16/1,0,0,17,2.5,4,0,0,False,,267192,Steven Smith,Rajasthan Royals,447261,Deepak Chahar,Chennai Super Kings,,,425943,Sanju Samson,4,5.64
ipl20,100206,1216496,1st innings,0,102,17/1,0,0,18,2.6,1,0,0,False,,267192,Steven Smith,Rajasthan Royals,447261,Deepak Chahar,Chennai Super Kings,,,425943,Sanju Samson,1,5.66
ipl20,100301,1216496,1st innings,0,101,23/1,0,0,19,3.1,6,0,0,False,,267192,Steven Smith,Rajasthan Royals,542023,Lungi Ngidi,Chennai Super Kings,,,425943,Sanju Samson,6,7.26
ipl20,100302,1216496,1st innings,0,100,23/1,0,0,20,3.2,0,0,0,False,,267192,Steven Smith,Rajasthan Royals,542023,Lungi Ngidi,Chennai Super Kings,,,425943,Sanju Samson,0,6.9
ipl20,100303,1216496,1st innings,0,99,24/1,0,0,21,3.3,1,0,0,False,,267192,Steven Smith,Rajasthan Royals,542023,Lungi Ngidi,Chennai Super Kings,,,425943,Sanju Samson,1,6.85
ipl20,100304,1216496,1st innings,0,98,24/1,0,0,22,3.4,0,0,0,False,,425943,Sanju Samson,Rajasthan Royals,542023,Lungi Ngidi,Chennai Super Kings,,,267192,Steven Smith,0,6.54
ipl20,100305,1216496,1st innings,0,97,24/1,0,0,23,3.5,0,0,0,False,,425943,Sanju Samson,Rajasthan Royals,542023,Lungi Ngidi,Chennai Super Kings,,,267192,Steven Smith,0,6.26
ipl20,100306,1216496,1st innings,0,96,26/1,0,0,24,3.6,2,0,0,False,,425943,Sanju Samson,Rajasthan Royals,542023,Lungi Ngidi,Chennai Super Kings,,,267192,Steven Smith,2,6.5
ipl20,100401,1216496,1st innings,0,95,27/1,0,0,25,4.1,1,0,0,False,,267192,Steven Smith,Rajasthan Royals,662973,Sam Curran,Chennai Super Kings,,,425943,Sanju Samson,1,6.48
ipl20,100402,1216496,1st innings,0,94,27/1,0,0,26,4.2,0,0,0,False,,425943,Sanju Samson,Rajasthan Royals,662973,Sam Curran,Chennai Super Kings,,,267192,Steven Smith,0,6.23
ipl20,100403,1216496,1st innings,0,93,31/1,0,0,27,4.3,4,0,0,False,,425943,Sanju Samson,Rajasthan Royals,662973,Sam Curran,Chennai Super Kings,,,267192,Steven Smith,4,6.88
ipl20,100404,1216496,1st innings,0,92,37/1,0,0,28,4.4,6,0,0,False,,425943,Sanju Samson,Rajasthan Royals,662973,Sam Curran,Chennai Super Kings,,,267192,Steven Smith,6,7.92
ipl20,100405,1216496,1st innings,0,91,39/1,0,0,29,4.5,2,0,0,False,,425943,Sanju Samson,Rajasthan Royals,662973,Sam Curran,Chennai Super Kings,,,267192,Steven Smith,2,8.06
ipl20,100406,1216496,1st innings,0,90,40/1,0,0,30,4.6,1,0,0,False,,425943,Sanju Samson,Rajasthan Royals,662973,Sam Curran,Chennai Super Kings,,,267192,Steven Smith,1,8.0
ipl20,100501,1216496,1st innings,0,89,41/1,0,0,31,5.1,1,0,0,False,,425943,Sanju Samson,Rajasthan Royals,447261,Deepak Chahar,Chennai Super Kings,,,267192,Steven Smith,1,7.93
ipl20,100502,1216496,1st innings,0,88,42/1,0,0,32,5.2,1,0,0,False,,267192,Steven Smith,Rajasthan Royals,447261,Deepak Chahar,Chennai Super Kings,,,425943,Sanju Samson,1,7.87
ipl20,100503,1216496,1st innings,0,87,48/1,0,0,33,5.3,6,0,0,False,,425943,Sanju Samson,Rajasthan Royals,447261,Deepak Chahar,Chennai Super Kings,,,267192,Steven Smith,6,8.72
ipl20,100504,1216496,1st innings,0,86,49/1,0,0,34,5.4,1,0,0,False,,425943,Sanju Samson,Rajasthan Royals,447261,Deepak Chahar,Chennai Super Kings,,,267192,Steven Smith,1,8.64
ipl20,100505,1216496,1st innings,0,85,53/1,0,0,35,5.5,4,0,0,False,,267192,Steven Smith,Rajasthan Royals,447261,Deepak Chahar,Chennai Super Kings,,,425943,Sanju Samson,4,9.08
ipl20,100506,1216496,1st innings,0,84,54/1,0,0,36,5.6,1,0,0,False,,267192,Steven Smith,Rajasthan Royals,447261,Deepak Chahar,Chennai Super Kings,,,425943,Sanju Samson,1,9.0
ipl20,100601,1216496,1st innings,0,83,55/1,0,0,37,6.1,1,0,0,False,,267192,Steven Smith,Rajasthan Royals,234675,Ravindra Jadeja,Chennai Super Kings,,,425943,Sanju Samson,1,8.91
ipl20,100602,1216496,1st innings,0,82,61/1,0,0,38,6.2,6,0,0,False,,425943,Sanju Samson,Rajasthan Royals,234675,Ravindra Jadeja,Chennai Super Kings,,,267192,Steven Smith,6,9.63
ipl20,100603,1216496,1st innings,0,81,67/1,0,0,39,6.3,6,0,0,False,,425943,Sanju Samson,Rajasthan Royals,234675,Ravindra Jadeja,Chennai Super Kings,,,267192,Steven Smith,6,10.3
ipl20,100604,1216496,1st innings,0,80,67/1,0,0,40,6.4,0,0,0,False,,425943,Sanju Samson,Rajasthan Royals,234675,Ravindra Jadeja,Chennai Super Kings,,,267192,Steven Smith,0,10.05
ipl20,100605,1216496,1st innings,0,79,68/1,0,0,41,6.5,1,0,0,False,,425943,Sanju Samson,Rajasthan Royals,234675,Ravindra Jadeja,Chennai Super Kings,,,267192,Steven Smith,1,9.95
ipl20,100606,1216496,1st innings,0,78,68/1,0,0,42,6.6,0,0,0,False,,267192,Steven Smith,Rajasthan Royals,234675,Ravindra Jadeja,Chennai Super Kings,,,425943,Sanju Samson,0,9.71
ipl20,100701,1216496,1st innings,0,77,74/1,0,0,43,7.1,6,0,0,False,,425943,Sanju Samson,Rajasthan Royals,32966,Piyush Chawla,Chennai Super Kings,,,267192,Steven Smith,6,10.32
ipl20,100702,1216496,1st innings,0,76,80/1,0,0,44,7.2,6,0,0,False,,425943,Sanju Samson,Rajasthan Royals,32966,Piyush Chawla,Chennai Super Kings,,,267192,Steven Smith,6,10.9
ipl20,100703,1216496,1st innings,0,75,81/1,0,0,45,7.3,1,0,0,False,,425943,Sanju Samson,Rajasthan Royals,32966,Piyush Chawla,Chennai Super Kings,,,267192,Steven Smith,1,10.8
ipl20,100704,1216496,1st innings,0,74,82/1,0,0,46,7.4,1,0,0,False,,267192,Steven Smith,Rajasthan Royals,32966,Piyush Chawla,Chennai Super Kings,,,425943,Sanju Samson,1,10.69
ipl20,100705,1216496,1st innings,0,73,88/1,0,0,47,7.5,6,0,0,False,,425943,Sanju Samson,Rajasthan Royals,32966,Piyush Chawla,Chennai Super Kings,,,267192,Steven Smith,6,11.23
ipl20,100706,1216496,1st innings,0,73,90/1,0,0,47,7.5,2,1,1,False,,425943,Sanju Samson,Rajasthan Royals,32966,Piyush Chawla,Chennai Super Kings,,,267192,Steven Smith,2,11.48
ipl20,100707,1216496,1st innings,0,72,96/1,0,0,48,7.6,6,0,0,False,,267192,Steven Smith,Rajasthan Royals,32966,Piyush Chawla,Chennai Super Kings,,,425943,Sanju Samson,6,12.0
ipl20,100801,1216496,1st innings,0,71,97/1,0,0,49,8.1,1,0,0,False,,425943,Sanju Samson,Rajasthan Royals,234675,Ravindra Jadeja,Chennai Super Kings,,,267192,Steven Smith,1,11.87
ipl20,100802,1216496,1st innings,0,70,97/1,0,0,50,8.2,0,0,0,False,,267192,Steven Smith,Rajasthan Royals,234675,Ravindra Jadeja,Chennai Super Kings,,,425943,Sanju Samson,0,11.64
ipl20,100803,1216496,1st innings,0,69,98/1,0,0,51,8.3,1,0,0,False,,267192,Steven Smith,Rajasthan Royals,234675,Ravindra Jadeja,Chennai Super Kings,,,425943,Sanju Samson,1,11.52
ipl20,100804,1216496,1st innings,0,68,98/1,0,0,52,8.4,0,0,0,False,,425943,Sanju Samson,Rajasthan Royals,234675,Ravindra Jadeja,Chennai Super Kings,,,267192,Steven Smith,0,11.3
ipl20,100805,1216496,1st innings,0,67,99/1,0,0,53,8.5,1,0,0,False,,425943,Sanju Samson,Rajasthan Royals,234675,Ravindra Jadeja,Chennai Super Kings,,,267192,Steven Smith,1,11.2
ipl20,100806,1216496,1st innings,0,66,100/1,0,0,54,8.6,1,0,0,False,,267192,Steven Smith,Rajasthan Royals,234675,Ravindra Jadeja,Chennai Super Kings,,,425943,Sanju Samson,1,11.11
ipl20,100901,1216496,1st innings,0,65,106/1,0,0,55,9.1,6,0,0,False,,267192,Steven Smith,Rajasthan Royals,32966,Piyush Chawla,Chennai Super Kings,,,425943,Sanju Samson,6,11.56
ipl20,100902,1216496,1st innings,0,64,107/1,0,0,56,9.2,1,0,0,False,,267192,Steven Smith,Rajasthan Royals,32966,Piyush Chawla,Chennai Super Kings,,,425943,Sanju Samson,1,11.46
ipl20,100903,1216496,1st innings,0,63,113/1,0,0,57,9.3,6,0,0,False,,425943,Sanju Samson,Rajasthan Royals,32966,Piyush Chawla,Chennai Super Kings,,,267192,Steven Smith,6,11.89
ipl20,100904,1216496,1st innings,0,62,114/1,0,0,58,9.4,1,0,0,False,,425943,Sanju Samson,Rajasthan Royals,32966,Piyush Chawla,Chennai Super Kings,,,267192,Steven Smith,1,11.79
ipl20,100905,1216496,1st innings,0,61,118/1,0,0,59,9.5,4,0,0,False,,267192,Steven Smith,Rajasthan Royals,32966,Piyush Chawla,Chennai Super Kings,,,425943,Sanju Samson,4,12.0
ipl20,100906,1216496,1st innings,0,60,119/1,0,0,60,9.6,1,0,0,False,,267192,Steven Smith,Rajasthan Royals,32966,Piyush Chawla,Chennai Super Kings,,,425943,Sanju Samson,1,11.9
ipl20,101001,1216496,1st innings,0,59,120/1,0,0,61,10.1,1,0,0,False,,267192,Steven Smith,Rajasthan Royals,234675,Ravindra Jadeja,Chennai Super Kings,,,425943,Sanju Samson,1,11.8
ipl20,101002,1216496,1st innings,0,58,120/1,0,0,62,10.2,0,0,0,False,,425943,Sanju Samson,Rajasthan Royals,234675,Ravindra Jadeja,Chennai Super Kings,,,267192,Steven Smith,0,11.61
ipl20,101003,1216496,1st innings,0,57,126/1,0,0,63,10.3,6,0,0,False,,425943,Sanju Samson,Rajasthan Royals,234675,Ravindra Jadeja,Chennai Super Kings,,,267192,Steven Smith,6,12.0
ipl20,101004,1216496,1st innings,0,56,127/1,0,0,64,10.4,1,0,0,False,,425943,Sanju Samson,Rajasthan Royals,234675,Ravindra Jadeja,Chennai Super Kings,,,267192,Steven Smith,1,11.9
ipl20,101005,1216496,1st innings,0,56,128/1,0,0,64,10.4,1,1,1,False,,267192,Steven Smith,Rajasthan Royals,234675,Ravindra Jadeja,Chennai Super Kings,,,425943,Sanju Samson,1,12.0
ipl20,101006,1216496,1st innings,0,55,129/1,0,0,65,10.5,1,0,0,False,,267192,Steven Smith,Rajasthan Royals,234675,Ravindra Jadeja,Chennai Super Kings,,,425943,Sanju Samson,1,11.9
ipl20,101007,1216496,1st innings,0,54,129/1,0,0,66,10.6,0,0,0,False,,425943,Sanju Samson,Rajasthan Royals,234675,Ravindra Jadeja,Chennai Super Kings,,,267192,Steven Smith,0,11.72
ipl20,101101,1216496,1st innings,0,53,130/1,0,0,67,11.1,1,0,0,False,,267192,Steven Smith,Rajasthan Royals,542023,Lungi Ngidi,Chennai Super Kings,,,425943,Sanju Samson,1,11.64
ipl20,101102,1216496,1st innings,0,52,131/1,0,0,68,11.2,1,0,0,False,,425943,Sanju Samson,Rajasthan Royals,542023,Lungi Ngidi,Chennai Super Kings,,,267192,Steven Smith,1,11.55
ipl20,101103,1216496,1st innings,0,51,132/1,0,0,69,11.3,1,0,0,False,,267192,Steven Smith,Rajasthan Royals,542023,Lungi Ngidi,Chennai Super Kings,,,425943,Sanju Samson,1,11.47
ipl20,101104,1216496,1st innings,0,50,132/2,0,2,70,11.4,0,0,0,True,caught,425943,Sanju Samson,Rajasthan Royals,542023,Lungi Ngidi,Chennai Super Kings,425943,Sanju Samson,267192,Steven Smith,0,11.31
ipl20,101105,1216496,1st innings,0,50,133/2,0,0,70,11.4,1,1,1,False,,267192,Steven Smith,Rajasthan Royals,542023,Lungi Ngidi,Chennai Super Kings,,,321777,David Miller,1,11.4
ipl20,101106,1216496,1st innings,0,49,133/2,0,0,71,11.5,0,0,0,False,,267192,Steven Smith,Rajasthan Royals,542023,Lungi Ngidi,Chennai Super Kings,,,321777,David Miller,0,11.23
ipl20,101107,1216496,1st innings,0,48,134/3,0,3,72,11.6,1,0,0,True,run out,267192,Steven Smith,Rajasthan Royals,542023,Lungi Ngidi,Chennai Super Kings,267192,Steven Smith,321777,David Miller,1,11.16
ipl20,101201,1216496,1st innings,0,47,134/3,0,0,73,12.1,0,0,0,False,,35582,Robin Uthappa,Rajasthan Royals,32966,Piyush Chawla,Chennai Super Kings,,,267192,Steven Smith,0,11.01
ipl20,101202,1216496,1st innings,0,46,135/3,0,0,74,12.2,1,0,0,False,,35582,Robin Uthappa,Rajasthan Royals,32966,Piyush Chawla,Chennai Super Kings,,,267192,Steven Smith,1,10.94
ipl20,101203,1216496,1st innings,0,45,136/3,0,0,75,12.3,1,0,0,False,,267192,Steven Smith,Rajasthan Royals,32966,Piyush Chawla,Chennai Super Kings,,,35582,Robin Uthappa,1,10.88
ipl20,101204,1216496,1st innings,0,44,136/3,0,0,76,12.4,0,0,0,False,,35582,Robin Uthappa,Rajasthan Royals,32966,Piyush Chawla,Chennai Super Kings,,,267192,Steven Smith,0,10.73
ipl20,101205,1216496,1st innings,0,43,136/3,0,0,77,12.5,0,0,0,False,,35582,Robin Uthappa,Rajasthan Royals,32966,Piyush Chawla,Chennai Super Kings,,,267192,Steven Smith,0,10.59
ipl20,101206,1216496,1st innings,0,42,137/3,0,0,78,12.6,1,0,0,False,,35582,Robin Uthappa,Rajasthan Royals,32966,Piyush Chawla,Chennai Super Kings,,,267192,Steven Smith,1,10.53
ipl20,101301,1216496,1st innings,0,41,138/3,0,0,79,13.1,1,0,0,False,,35582,Robin Uthappa,Rajasthan Royals,234675,Ravindra Jadeja,Chennai Super Kings,,,267192,Steven Smith,1,10.48
ipl20,101302,1216496,1st innings,0,40,139/3,0,0,80,13.2,1,0,0,False,,267192,Steven Smith,Rajasthan Royals,234675,Ravindra Jadeja,Chennai Super Kings,,,35582,Robin Uthappa,1,10.42
ipl20,101303,1216496,1st innings,0,39,140/3,0,0,81,13.3,1,0,0,False,,35582,Robin Uthappa,Rajasthan Royals,234675,Ravindra Jadeja,Chennai Super Kings,,,267192,Steven Smith,1,10.37
ipl20,101304,1216496,1st innings,0,39,141/3,0,0,81,13.3,1,1,1,False,,267192,Steven Smith,Rajasthan Royals,234675,Ravindra Jadeja,Chennai Super Kings,,,35582,Robin Uthappa,1,10.44
ipl20,101305,1216496,1st innings,0,38,147/3,0,0,82,13.4,6,0,0,False,,267192,Steven Smith,Rajasthan Royals,234675,Ravindra Jadeja,Chennai Super Kings,,,35582,Robin Uthappa,6,10.75
ipl20,101306,1216496,1st innings,0,37,148/3,0,0,83,13.5,1,0,0,False,,267192,Steven Smith,Rajasthan Royals,234675,Ravindra Jadeja,Chennai Super Kings,,,35582,Robin Uthappa,1,10.69
ipl20,101307,1216496,1st innings,0,36,149/3,0,0,84,13.6,1,0,0,False,,35582,Robin Uthappa,Rajasthan Royals,234675,Ravindra Jadeja,Chennai Super Kings,,,267192,Steven Smith,1,10.64
ipl20,101401,1216496,1st innings,0,35,149/4,0,4,85,14.1,0,0,0,True,caught,35582,Robin Uthappa,Rajasthan Royals,32966,Piyush Chawla,Chennai Super Kings,32966,Piyush Chawla,267192,Steven Smith,0,10.51
ipl20,101402,1216496,1st innings,0,34,150/4,0,0,86,14.2,1,0,0,False,,423838,Rahul Tewatia,Rajasthan Royals,32966,Piyush Chawla,Chennai Super Kings,,,267192,Steven Smith,1,10.46
ipl20,101403,1216496,1st innings,0,33,151/4,0,0,87,14.3,1,0,0,False,,267192,Steven Smith,Rajasthan Royals,32966,Piyush Chawla,Chennai Super Kings,,,423838,Rahul Tewatia,1,10.41
ipl20,101404,1216496,1st innings,0,32,152/4,0,0,88,14.4,1,0,0,False,,423838,Rahul Tewatia,Rajasthan Royals,32966,Piyush Chawla,Chennai Super Kings,,,267192,Steven Smith,1,10.36
ipl20,101405,1216496,1st innings,0,31,153/4,0,0,89,14.5,1,0,0,False,,267192,Steven Smith,Rajasthan Royals,32966,Piyush Chawla,Chennai Super Kings,,,423838,Rahul Tewatia,1,10.31
ipl20,101406,1216496,1st innings,0,30,154/4,0,0,90,14.6,1,0,0,False,,423838,Rahul Tewatia,Rajasthan Royals,32966,Piyush Chawla,Chennai Super Kings,,,267192,Steven Smith,1,10.26
ipl20,101501,1216496,1st innings,0,29,155/4,0,0,91,15.1,1,0,0,False,,423838,Rahul Tewatia,Rajasthan Royals,542023,Lungi Ngidi,Chennai Super Kings,,,267192,Steven Smith,1,10.21
ipl20,101502,1216496,1st innings,0,28,159/4,0,0,92,15.2,4,0,0,False,,267192,Steven Smith,Rajasthan Royals,542023,Lungi Ngidi,Chennai Super Kings,,,423838,Rahul Tewatia,4,10.36
ipl20,101503,1216496,1st innings,0,27,160/4,0,0,93,15.3,1,0,0,False,,267192,Steven Smith,Rajasthan Royals,542023,Lungi Ngidi,Chennai Super Kings,,,423838,Rahul Tewatia,1,10.32
ipl20,101504,1216496,1st innings,0,26,164/4,0,0,94,15.4,4,0,0,False,,423838,Rahul Tewatia,Rajasthan Royals,542023,Lungi Ngidi,Chennai Super Kings,,,267192,Steven Smith,4,10.46
ipl20,101505,1216496,1st innings,0,25,166/4,0,0,95,15.5,2,0,0,False,,423838,Rahul Tewatia,Rajasthan Royals,542023,Lungi Ngidi,Chennai Super Kings,,,267192,Steven Smith,2,10.48
ipl20,101506,1216496,1st innings,0,24,166/4,0,0,96,15.6,0,0,0,False,,423838,Rahul Tewatia,Rajasthan Royals,542023,Lungi Ngidi,Chennai Super Kings,,,267192,Steven Smith,0,10.37
ipl20,101601,1216496,1st innings,0,23,167/4,0,0,97,16.1,1,0,0,False,,267192,Steven Smith,Rajasthan Royals,662973,Sam Curran,Chennai Super Kings,,,423838,Rahul Tewatia,1,10.32
ipl20,101602,1216496,1st innings,0,22,167/5,0,5,98,16.2,0,0,0,True,leg before wicket,423838,Rahul Tewatia,Rajasthan Royals,662973,Sam Curran,Chennai Super Kings,662973,Sam Curran,267192,Steven Smith,0,10.22
ipl20,101603,1216496,1st innings,0,21,167/5,0,0,99,16.3,0,0,0,False,,1079434,Riyan Parag,Rajasthan Royals,662973,Sam Curran,Chennai Super Kings,,,267192,Steven Smith,0,10.12
ipl20,101604,1216496,1st innings,0,20,169/5,0,0,100,16.4,2,0,0,False,,1079434,Riyan Parag,Rajasthan Royals,662973,Sam Curran,Chennai Super Kings,,,267192,Steven Smith,2,10.14
ipl20,101605,1216496,1st innings,0,19,173/5,0,0,101,16.5,4,0,0,False,,1079434,Riyan Parag,Rajasthan Royals,662973,Sam Curran,Chennai Super Kings,,,267192,Steven Smith,4,10.27
ipl20,101606,1216496,1st innings,0,18,173/6,0,6,102,16.6,0,0,0,True,caught,1079434,Riyan Parag,Rajasthan Royals,662973,Sam Curran,Chennai Super Kings,662973,Sam Curran,267192,Steven Smith,0,10.17
ipl20,101701,1216496,1st innings,0,17,174/6,0,0,103,17.1,1,0,0,False,,267192,Steven Smith,Rajasthan Royals,447261,Deepak Chahar,Chennai Super Kings,,,550235,Tom Curran,1,10.13
ipl20,101702,1216496,1st innings,0,16,175/6,0,0,104,17.2,1,0,1,False,,550235,Tom Curran,Rajasthan Royals,447261,Deepak Chahar,Chennai Super Kings,,,267192,Steven Smith,1,10.09
ipl20,101703,1216496,1st innings,0,15,176/6,0,0,105,17.3,1,0,0,False,,267192,Steven Smith,Rajasthan Royals,447261,Deepak Chahar,Chennai Super Kings,,,550235,Tom Curran,1,10.05
ipl20,101704,1216496,1st innings,0,14,176/6,0,0,106,17.4,0,0,0,False,,550235,Tom Curran,Rajasthan Royals,447261,Deepak Chahar,Chennai Super Kings,,,267192,Steven Smith,0,9.96
ipl20,101705,1216496,1st innings,0,13,176/6,0,0,107,17.5,0,0,0,False,,550235,Tom Curran,Rajasthan Royals,447261,Deepak Chahar,Chennai Super Kings,,,267192,Steven Smith,0,9.86
ipl20,101706,1216496,1st innings,0,12,177/6,0,0,108,17.6,1,0,0,False,,550235,Tom Curran,Rajasthan Royals,447261,Deepak Chahar,Chennai Super Kings,,,267192,Steven Smith,1,9.83
ipl20,101801,1216496,1st innings,0,11,178/6,0,0,109,18.1,1,0,0,False,,550235,Tom Curran,Rajasthan Royals,662973,Sam Curran,Chennai Super Kings,,,267192,Steven Smith,1,9.79
ipl20,101802,1216496,1st innings,0,10,178/7,0,7,110,18.2,0,0,0,True,caught,267192,Steven Smith,Rajasthan Royals,662973,Sam Curran,Chennai Super Kings,662973,Sam Curran,550235,Tom Curran,0,9.7
ipl20,101803,1216496,1st innings,0,9,182/7,0,0,111,18.3,4,0,0,False,,550235,Tom Curran,Rajasthan Royals,662973,Sam Curran,Chennai Super Kings,,,669855,Jofra Archer,4,9.83
ipl20,101804,1216496,1st innings,0,8,184/7,0,0,112,18.4,2,0,0,False,,550235,Tom Curran,Rajasthan Royals,662973,Sam Curran,Chennai Super Kings,,,669855,Jofra Archer,2,9.85
ipl20,101805,1216496,1st innings,0,7,185/7,0,0,113,18.5,1,0,0,False,,550235,Tom Curran,Rajasthan Royals,662973,Sam Curran,Chennai Super Kings,,,669855,Jofra Archer,1,9.82
ipl20,101806,1216496,1st innings,0,6,186/7,0,0,114,18.6,1,0,0,False,,669855,Jofra Archer,Rajasthan Royals,662973,Sam Curran,Chennai Super Kings,,,550235,Tom Curran,1,9.78
ipl20,101901,1216496,1st innings,0,5,192/7,0,0,115,19.1,6,0,0,False,,669855,Jofra Archer,Rajasthan Royals,542023,Lungi Ngidi,Chennai Super Kings,,,550235,Tom Curran,6,10.01
ipl20,101902,1216496,1st innings,0,4,198/7,0,0,116,19.2,6,0,0,False,,669855,Jofra Archer,Rajasthan Royals,542023,Lungi Ngidi,Chennai Super Kings,,,550235,Tom Curran,6,10.24
ipl20,101903,1216496,1st innings,0,4,205/7,0,0,116,19.2,7,1,1,False,,669855,Jofra Archer,Rajasthan Royals,542023,Lungi Ngidi,Chennai Super Kings,,,550235,Tom Curran,7,10.6
ipl20,101904,1216496,1st innings,0,4,212/7,0,0,116,19.2,7,1,1,False,,669855,Jofra Archer,Rajasthan Royals,542023,Lungi Ngidi,Chennai Super Kings,,,550235,Tom Curran,7,10.96
ipl20,101905,1216496,1st innings,0,4,213/7,0,0,116,19.2,1,1,1,False,,669855,Jofra Archer,Rajasthan Royals,542023,Lungi Ngidi,Chennai Super Kings,,,550235,Tom Curran,1,11.01
ipl20,101906,1216496,1st innings,0,3,213/7,0,0,117,19.3,0,0,0,False,,669855,Jofra Archer,Rajasthan Royals,542023,Lungi Ngidi,Chennai Super Kings,,,550235,Tom Curran,0,10.92
ipl20,101907,1216496,1st innings,0,2,214/7,0,0,118,19.4,1,0,0,False,,669855,Jofra Archer,Rajasthan Royals,542023,Lungi Ngidi,Chennai Super Kings,,,550235,Tom Curran,1,10.88
ipl20,101908,1216496,1st innings,0,1,215/7,0,0,119,19.5,1,0,0,False,,550235,Tom Curran,Rajasthan Royals,542023,Lungi Ngidi,Chennai Super Kings,,,669855,Jofra Archer,1,10.84
ipl20,101909,1216496,1st innings,0,0,216/7,0,0,120,19.6,1,0,0,False,,669855,Jofra Archer,Rajasthan Royals,542023,Lungi Ngidi,Chennai Super Kings,,,550235,Tom Curran,1,10.8
ipl20,200001,1216496,2nd innings,217,119,0,1/0,0,1,0.1,1,0,0,False,,237095,Murali Vijay,Chennai Super Kings,390484,Jaydev Unadkat,Rajasthan Royals,,,8180,Shane Watson,1,6.0
ipl20,200002,1216496,2nd innings,217,118,0,2/0,0,2,0.2,1,0,0,False,,8180,Shane Watson,Chennai Super Kings,390484,Jaydev Unadkat,Rajasthan Royals,,,237095,Murali Vijay,1,6.0
ipl20,200003,1216496,2nd innings,217,117,0,3/0,0,3,0.3,1,0,0,False,,237095,Murali Vijay,Chennai Super Kings,390484,Jaydev Unadkat,Rajasthan Royals,,,8180,Shane Watson,1,6.0
ipl20,200004,1216496,2nd innings,217,116,0,3/0,0,4,0.4,0,0,0,False,,8180,Shane Watson,Chennai Super Kings,390484,Jaydev Unadkat,Rajasthan Royals,,,237095,Murali Vijay,0,4.5
ipl20,200005,1216496,2nd innings,217,115,0,4/0,0,5,0.5,1,0,0,False,,8180,Shane Watson,Chennai Super Kings,390484,Jaydev Unadkat,Rajasthan Royals,,,237095,Murali Vijay,1,4.8
ipl20,200006,1216496,2nd innings,217,114,0,5/0,0,6,0.6,1,0,0,False,,237095,Murali Vijay,Chennai Super Kings,390484,Jaydev Unadkat,Rajasthan Royals,,,8180,Shane Watson,1,5.0
ipl20,200101,1216496,2nd innings,217,113,0,5/0,0,7,1.1,0,0,0,False,,237095,Murali Vijay,Chennai Super Kings,669855,Jofra Archer,Rajasthan Royals,,,8180,Shane Watson,0,4.28
ipl20,200102,1216496,2nd innings,217,112,0,5/0,0,8,1.2,0,0,0,False,,237095,Murali Vijay,Chennai Super Kings,669855,Jofra Archer,Rajasthan Royals,,,8180,Shane Watson,0,3.75
ipl20,200103,1216496,2nd innings,217,111,0,6/0,0,9,1.3,1,0,0,False,,237095,Murali Vijay,Chennai Super Kings,669855,Jofra Archer,Rajasthan Royals,,,8180,Shane Watson,1,4.0
ipl20,200104,1216496,2nd innings,217,110,0,6/0,0,10,1.4,0,0,0,False,,8180,Shane Watson,Chennai Super Kings,669855,Jofra Archer,Rajasthan Royals,,,237095,Murali Vijay,0,3.6
ipl20,200105,1216496,2nd innings,217,109,0,7/0,0,11,1.5,1,0,0,False,,8180,Shane Watson,Chennai Super Kings,669855,Jofra Archer,Rajasthan Royals,,,237095,Murali Vijay,1,3.81
ipl20,200106,1216496,2nd innings,217,108,0,8/0,0,12,1.6,1,0,0,False,,237095,Murali Vijay,Chennai Super Kings,669855,Jofra Archer,Rajasthan Royals,,,8180,Shane Watson,1,4.0
ipl20,200201,1216496,2nd innings,217,107,0,12/0,0,13,2.1,4,0,0,False,,237095,Murali Vijay,Chennai Super Kings,390484,Jaydev Unadkat,Rajasthan Royals,,,8180,Shane Watson,4,5.53
ipl20,200202,1216496,2nd innings,217,106,0,16/0,0,14,2.2,4,0,0,False,,237095,Murali Vijay,Chennai Super Kings,390484,Jaydev Unadkat,Rajasthan Royals,,,8180,Shane Watson,4,6.85
ipl20,200203,1216496,2nd innings,217,105,0,17/0,0,15,2.3,1,0,0,False,,237095,Murali Vijay,Chennai Super Kings,390484,Jaydev Unadkat,Rajasthan Royals,,,8180,Shane Watson,1,6.8
ipl20,200204,1216496,2nd innings,217,104,0,17/0,0,16,2.4,0,0,0,False,,8180,Shane Watson,Chennai Super Kings,390484,Jaydev Unadkat,Rajasthan Royals,,,237095,Murali Vijay,0,6.37
ipl20,200205,1216496,2nd innings,217,104,0,18/0,0,16,2.4,1,1,1,False,,8180,Shane Watson,Chennai Super Kings,390484,Jaydev Unadkat,Rajasthan Royals,,,237095,Murali Vijay,1,6.75
ipl20,200206,1216496,2nd innings,217,103,0,19/0,0,17,2.5,1,0,0,False,,8180,Shane Watson,Chennai Super Kings,390484,Jaydev Unadkat,Rajasthan Royals,,,237095,Murali Vijay,1,6.7
ipl20,200207,1216496,2nd innings,217,102,0,19/0,0,18,2.6,0,0,0,False,,237095,Murali Vijay,Chennai Super Kings,390484,Jaydev Unadkat,Rajasthan Royals,,,8180,Shane Watson,0,6.33
ipl20,200301,1216496,2nd innings,217,101,0,25/0,0,19,3.1,6,0,0,False,,8180,Shane Watson,Chennai Super Kings,669855,Jofra Archer,Rajasthan Royals,,,237095,Murali Vijay,6,7.89
ipl20,200302,1216496,2nd innings,217,100,0,25/0,0,20,3.2,0,0,0,False,,8180,Shane Watson,Chennai Super Kings,669855,Jofra Archer,Rajasthan Royals,,,237095,Murali Vijay,0,7.5
ipl20,200303,1216496,2nd innings,217,99,0,25/0,0,21,3.3,0,0,0,False,,8180,Shane Watson,Chennai Super Kings,669855,Jofra Archer,Rajasthan Royals,,,237095,Murali Vijay,0,7.14
ipl20,200304,1216496,2nd innings,217,98,0,25/0,0,22,3.4,0,0,0,False,,8180,Shane Watson,Chennai Super Kings,669855,Jofra Archer,Rajasthan Royals,,,237095,Murali Vijay,0,6.81
ipl20,200305,1216496,2nd innings,217,97,0,25/0,0,23,3.5,0,0,0,False,,8180,Shane Watson,Chennai Super Kings,669855,Jofra Archer,Rajasthan Royals,,,237095,Murali Vijay,0,6.52
ipl20,200306,1216496,2nd innings,217,96,0,25/0,0,24,3.6,0,0,0,False,,8180,Shane Watson,Chennai Super Kings,669855,Jofra Archer,Rajasthan Royals,,,237095,Murali Vijay,0,6.25
ipl20,200401,1216496,2nd innings,217,95,0,25/0,0,25,4.1,0,0,0,False,,237095,Murali Vijay,Chennai Super Kings,344580,Shreyas Gopal,Rajasthan Royals,,,8180,Shane Watson,0,6.0
ipl20,200402,1216496,2nd innings,217,94,0,29/0,0,26,4.2,4,0,0,False,,237095,Murali Vijay,Chennai Super Kings,344580,Shreyas Gopal,Rajasthan Royals,,,8180,Shane Watson,4,6.69
ipl20,200403,1216496,2nd innings,217,93,0,29/0,0,27,4.3,0,0,0,False,,237095,Murali Vijay,Chennai Super Kings,344580,Shreyas Gopal,Rajasthan Royals,,,8180,Shane Watson,0,6.44
ipl20,200404,1216496,2nd innings,217,92,0,30/0,0,28,4.4,1,0,0,False,,237095,Murali Vijay,Chennai Super Kings,344580,Shreyas Gopal,Rajasthan Royals,,,8180,Shane Watson,1,6.42
ipl20,200405,1216496,2nd innings,217,91,0,30/0,0,29,4.5,0,0,0,False,,8180,Shane Watson,Chennai Super Kings,344580,Shreyas Gopal,Rajasthan Royals,,,237095,Murali Vijay,0,6.2
ipl20,200406,1216496,2nd innings,217,90,0,36/0,0,30,4.6,6,0,0,False,,8180,Shane Watson,Chennai Super Kings,344580,Shreyas Gopal,Rajasthan Royals,,,237095,Murali Vijay,6,7.2
ipl20,200501,1216496,2nd innings,217,89,0,36/0,0,31,5.1,0,0,0,False,,237095,Murali Vijay,Chennai Super Kings,550235,Tom Curran,Rajasthan Royals,,,8180,Shane Watson,0,6.96
ipl20,200502,1216496,2nd innings,217,88,0,37/0,0,32,5.2,1,0,1,False,,237095,Murali Vijay,Chennai Super Kings,550235,Tom Curran,Rajasthan Royals,,,8180,Shane Watson,1,6.93
ipl20,200503,1216496,2nd innings,217,87,0,43/0,0,33,5.3,6,0,0,False,,8180,Shane Watson,Chennai Super Kings,550235,Tom Curran,Rajasthan Royals,,,237095,Murali Vijay,6,7.81
ipl20,200504,1216496,2nd innings,217,86,0,49/0,0,34,5.4,6,0,0,False,,8180,Shane Watson,Chennai Super Kings,550235,Tom Curran,Rajasthan Royals,,,237095,Murali Vijay,6,8.64
ipl20,200505,1216496,2nd innings,217,85,0,53/0,0,35,5.5,4,0,0,False,,8180,Shane Watson,Chennai Super Kings,550235,Tom Curran,Rajasthan Royals,,,237095,Murali Vijay,4,9.08
ipl20,200506,1216496,2nd innings,217,84,0,53/0,0,36,5.6,0,0,0,False,,8180,Shane Watson,Chennai Super Kings,550235,Tom Curran,Rajasthan Royals,,,237095,Murali Vijay,0,8.83
ipl20,200601,1216496,2nd innings,217,83,0,54/0,0,37,6.1,1,0,0,False,,237095,Murali Vijay,Chennai Super Kings,423838,Rahul Tewatia,Rajasthan Royals,,,8180,Shane Watson,1,8.75
ipl20,200602,1216496,2nd innings,217,82,0,55/0,0,38,6.2,1,0,0,False,,8180,Shane Watson,Chennai Super Kings,423838,Rahul Tewatia,Rajasthan Royals,,,237095,Murali Vijay,1,8.68
ipl20,200603,1216496,2nd innings,217,81,0,56/0,0,39,6.3,1,0,0,False,,237095,Murali Vijay,Chennai Super Kings,423838,Rahul Tewatia,Rajasthan Royals,,,8180,Shane Watson,1,8.61
ipl20,200604,1216496,2nd innings,217,80,0,56/1,1,40,6.4,0,0,0,True,bowled,8180,Shane Watson,Chennai Super Kings,423838,Rahul Tewatia,Rajasthan Royals,8180,Shane Watson,237095,Murali Vijay,0,8.4
ipl20,200605,1216496,2nd innings,217,79,0,57/1,0,41,6.5,1,0,0,False,,44828,Faf du Plessis,Chennai Super Kings,423838,Rahul Tewatia,Rajasthan Royals,,,237095,Murali Vijay,1,8.34
ipl20,200606,1216496,2nd innings,217,78,0,57/1,0,42,6.6,0,0,0,False,,237095,Murali Vijay,Chennai Super Kings,423838,Rahul Tewatia,Rajasthan Royals,,,44828,Faf du Plessis,0,8.14
ipl20,200701,1216496,2nd innings,217,77,0,57/1,0,43,7.1,0,0,0,False,,44828,Faf du Plessis,Chennai Super Kings,344580,Shreyas Gopal,Rajasthan Royals,,,237095,Murali Vijay,0,7.95
ipl20,200702,1216496,2nd innings,217,76,0,58/1,0,44,7.2,1,0,0,False,,44828,Faf du Plessis,Chennai Super Kings,344580,Shreyas Gopal,Rajasthan Royals,,,237095,Murali Vijay,1,7.9
ipl20,200703,1216496,2nd innings,217,75,0,58/2,2,45,7.3,0,0,0,True,caught,237095,Murali Vijay,Chennai Super Kings,344580,Shreyas Gopal,Rajasthan Royals,344580,Shreyas Gopal,44828,Faf du Plessis,0,7.73
ipl20,200704,1216496,2nd innings,217,74,0,62/2,0,46,7.4,4,0,0,False,,662973,Sam Curran,Chennai Super Kings,344580,Shreyas Gopal,Rajasthan Royals,,,44828,Faf du Plessis,4,8.08
ipl20,200705,1216496,2nd innings,217,73,0,63/2,0,47,7.5,1,0,0,False,,662973,Sam Curran,Chennai Super Kings,344580,Shreyas Gopal,Rajasthan Royals,,,44828,Faf du Plessis,1,8.04
ipl20,200706,1216496,2nd innings,217,72,0,64/2,0,48,7.6,1,0,0,False,,44828,Faf du Plessis,Chennai Super Kings,344580,Shreyas Gopal,Rajasthan Royals,,,662973,Sam Curran,1,8.0
ipl20,200801,1216496,2nd innings,217,71,0,65/2,0,49,8.1,1,0,0,False,,44828,Faf du Plessis,Chennai Super Kings,423838,Rahul Tewatia,Rajasthan Royals,,,662973,Sam Curran,1,7.95
ipl20,200802,1216496,2nd innings,217,70,0,71/2,0,50,8.2,6,0,0,False,,662973,Sam Curran,Chennai Super Kings,423838,Rahul Tewatia,Rajasthan Royals,,,44828,Faf du Plessis,6,8.52
ipl20,200803,1216496,2nd innings,217,69,0,77/2,0,51,8.3,6,0,0,False,,662973,Sam Curran,Chennai Super Kings,423838,Rahul Tewatia,Rajasthan Royals,,,44828,Faf du Plessis,6,9.05
ipl20,200804,1216496,2nd innings,217,68,0,77/2,0,52,8.4,0,0,0,False,,662973,Sam Curran,Chennai Super Kings,423838,Rahul Tewatia,Rajasthan Royals,,,44828,Faf du Plessis,0,8.88
ipl20,200805,1216496,2nd innings,217,67,0,77/3,3,53,8.5,0,0,0,True,stumped,662973,Sam Curran,Chennai Super Kings,423838,Rahul Tewatia,Rajasthan Royals,662973,Sam Curran,44828,Faf du Plessis,0,8.71
ipl20,200806,1216496,2nd innings,217,66,0,77/4,4,54,8.6,0,0,0,True,stumped,1060380,Ruturaj Gaikwad,Chennai Super Kings,423838,Rahul Tewatia,Rajasthan Royals,423838,Rahul Tewatia,44828,Faf du Plessis,0,8.55
ipl20,200901,1216496,2nd innings,217,65,0,78/4,0,55,9.1,1,0,0,False,,44828,Faf du Plessis,Chennai Super Kings,344580,Shreyas Gopal,Rajasthan Royals,,,290716,Kedar Jadhav,1,8.5
ipl20,200902,1216496,2nd innings,217,64,0,79/4,0,56,9.2,1,0,0,False,,290716,Kedar Jadhav,Chennai Super Kings,344580,Shreyas Gopal,Rajasthan Royals,,,44828,Faf du Plessis,1,8.46
ipl20,200903,1216496,2nd innings,217,63,0,80/4,0,57,9.3,1,0,0,False,,44828,Faf du Plessis,Chennai Super Kings,344580,Shreyas Gopal,Rajasthan Royals,,,290716,Kedar Jadhav,1,8.42
ipl20,200904,1216496,2nd innings,217,62,0,81/4,0,58,9.4,1,0,0,False,,290716,Kedar Jadhav,Chennai Super Kings,344580,Shreyas Gopal,Rajasthan Royals,,,44828,Faf du Plessis,1,8.37
ipl20,200905,1216496,2nd innings,217,61,0,82/4,0,59,9.5,1,0,0,False,,44828,Faf du Plessis,Chennai Super Kings,344580,Shreyas Gopal,Rajasthan Royals,,,290716,Kedar Jadhav,1,8.33
ipl20,200906,1216496,2nd innings,217,60,0,82/4,0,60,9.6,0,0,0,False,,290716,Kedar Jadhav,Chennai Super Kings,344580,Shreyas Gopal,Rajasthan Royals,,,44828,Faf du Plessis,0,8.2
ipl20,201001,1216496,2nd innings,217,59,0,83/4,0,61,10.1,1,0,0,False,,44828,Faf du Plessis,Chennai Super Kings,423838,Rahul Tewatia,Rajasthan Royals,,,290716,Kedar Jadhav,1,8.16
ipl20,201002,1216496,2nd innings,217,58,0,83/4,0,62,10.2,0,0,0,False,,290716,Kedar Jadhav,Chennai Super Kings,423838,Rahul Tewatia,Rajasthan Royals,,,44828,Faf du Plessis,0,8.03
ipl20,201003,1216496,2nd innings,217,57,0,84/4,0,63,10.3,1,0,0,False,,290716,Kedar Jadhav,Chennai Super Kings,423838,Rahul Tewatia,Rajasthan Royals,,,44828,Faf du Plessis,1,8.0
ipl20,201004,1216496,2nd innings,217,56,0,84/4,0,64,10.4,0,0,0,False,,44828,Faf du Plessis,Chennai Super Kings,423838,Rahul Tewatia,Rajasthan Royals,,,290716,Kedar Jadhav,0,7.87
ipl20,201005,1216496,2nd innings,217,55,0,85/4,0,65,10.5,1,0,0,False,,44828,Faf du Plessis,Chennai Super Kings,423838,Rahul Tewatia,Rajasthan Royals,,,290716,Kedar Jadhav,1,7.84
ipl20,201006,1216496,2nd innings,217,54,0,86/4,0,66,10.6,1,0,0,False,,290716,Kedar Jadhav,Chennai Super Kings,423838,Rahul Tewatia,Rajasthan Royals,,,44828,Faf du Plessis,1,7.81
ipl20,201101,1216496,2nd innings,217,53,0,90/4,0,67,11.1,4,0,0,False,,290716,Kedar Jadhav,Chennai Super Kings,344580,Shreyas Gopal,Rajasthan Royals,,,44828,Faf du Plessis,4,8.05
ipl20,201102,1216496,2nd innings,217,52,0,94/4,0,68,11.2,4,0,0,False,,290716,Kedar Jadhav,Chennai Super Kings,344580,Shreyas Gopal,Rajasthan Royals,,,44828,Faf du Plessis,4,8.29
ipl20,201103,1216496,2nd innings,217,51,0,98/4,0,69,11.3,4,0,0,False,,290716,Kedar Jadhav,Chennai Super Kings,344580,Shreyas Gopal,Rajasthan Royals,,,44828,Faf du Plessis,4,8.52
ipl20,201104,1216496,2nd innings,217,50,0,99/4,0,70,11.4,1,0,0,False,,290716,Kedar Jadhav,Chennai Super Kings,344580,Shreyas Gopal,Rajasthan Royals,,,44828,Faf du Plessis,1,8.48
ipl20,201105,1216496,2nd innings,217,49,0,100/4,0,71,11.5,1,0,0,False,,44828,Faf du Plessis,Chennai Super Kings,344580,Shreyas Gopal,Rajasthan Royals,,,290716,Kedar Jadhav,1,8.45
ipl20,201106,1216496,2nd innings,217,48,0,101/4,0,72,11.6,1,0,0,False,,290716,Kedar Jadhav,Chennai Super Kings,344580,Shreyas Gopal,Rajasthan Royals,,,44828,Faf du Plessis,1,8.41
ipl20,201201,1216496,2nd innings,217,47,0,102/4,0,73,12.1,1,0,0,False,,290716,Kedar Jadhav,Chennai Super Kings,390484,Jaydev Unadkat,Rajasthan Royals,,,44828,Faf du Plessis,1,8.38
ipl20,201202,1216496,2nd innings,217,46,0,103/4,0,74,12.2,1,0,0,False,,44828,Faf du Plessis,Chennai Super Kings,390484,Jaydev Unadkat,Rajasthan Royals,,,290716,Kedar Jadhav,1,8.35
ipl20,201203,1216496,2nd innings,217,45,0,104/4,0,75,12.3,1,0,0,False,,290716,Kedar Jadhav,Chennai Super Kings,390484,Jaydev Unadkat,Rajasthan Royals,,,44828,Faf du Plessis,1,8.32
ipl20,201204,1216496,2nd innings,217,44,0,105/4,0,76,12.4,1,0,0,False,,44828,Faf du Plessis,Chennai Super Kings,390484,Jaydev Unadkat,Rajasthan Royals,,,290716,Kedar Jadhav,1,8.28
ipl20,201205,1216496,2nd innings,217,44,0,106/4,0,76,12.4,1,1,1,False,,290716,Kedar Jadhav,Chennai Super Kings,390484,Jaydev Unadkat,Rajasthan Royals,,,44828,Faf du Plessis,1,8.36
ipl20,201206,1216496,2nd innings,217,43,0,107/4,0,77,12.5,1,0,0,False,,290716,Kedar Jadhav,Chennai Super Kings,390484,Jaydev Unadkat,Rajasthan Royals,,,44828,Faf du Plessis,1,8.33
ipl20,201207,1216496,2nd innings,217,42,0,108/4,0,78,12.6,1,0,0,False,,44828,Faf du Plessis,Chennai Super Kings,390484,Jaydev Unadkat,Rajasthan Royals,,,290716,Kedar Jadhav,1,8.3
ipl20,201301,1216496,2nd innings,217,41,0,110/4,0,79,13.1,2,0,0,False,,44828,Faf du Plessis,Chennai Super Kings,550235,Tom Curran,Rajasthan Royals,,,290716,Kedar Jadhav,2,8.35
ipl20,201302,1216496,2nd innings,217,40,0,111/4,0,80,13.2,1,0,0,False,,44828,Faf du Plessis,Chennai Super Kings,550235,Tom Curran,Rajasthan Royals,,,290716,Kedar Jadhav,1,8.32
ipl20,201303,1216496,2nd innings,217,40,0,113/4,0,80,13.2,2,1,1,False,,290716,Kedar Jadhav,Chennai Super Kings,550235,Tom Curran,Rajasthan Royals,,,44828,Faf du Plessis,2,8.47
ipl20,201304,1216496,2nd innings,217,39,0,114/4,0,81,13.3,1,0,0,False,,44828,Faf du Plessis,Chennai Super Kings,550235,Tom Curran,Rajasthan Royals,,,290716,Kedar Jadhav,1,8.44
ipl20,201305,1216496,2nd innings,217,38,0,114/5,5,82,13.4,0,0,0,True,caught,290716,Kedar Jadhav,Chennai Super Kings,550235,Tom Curran,Rajasthan Royals,550235,Tom Curran,44828,Faf du Plessis,0,8.34
ipl20,201306,1216496,2nd innings,217,37,0,114/5,0,83,13.5,0,0,0,False,,28081,MS Dhoni,Chennai Super Kings,550235,Tom Curran,Rajasthan Royals,,,44828,Faf du Plessis,0,8.24
ipl20,201307,1216496,2nd innings,217,36,0,115/5,0,84,13.6,1,0,0,False,,28081,MS Dhoni,Chennai Super Kings,550235,Tom Curran,Rajasthan Royals,,,44828,Faf du Plessis,1,8.21
ipl20,201401,1216496,2nd innings,217,35,0,116/5,0,85,14.1,1,0,0,False,,28081,MS Dhoni,Chennai Super Kings,423838,Rahul Tewatia,Rajasthan Royals,,,44828,Faf du Plessis,1,8.18
ipl20,201402,1216496,2nd innings,217,34,0,122/5,0,86,14.2,6,0,0,False,,44828,Faf du Plessis,Chennai Super Kings,423838,Rahul Tewatia,Rajasthan Royals,,,28081,MS Dhoni,6,8.51
ipl20,201403,1216496,2nd innings,217,33,0,123/5,0,87,14.3,1,0,0,False,,44828,Faf du Plessis,Chennai Super Kings,423838,Rahul Tewatia,Rajasthan Royals,,,28081,MS Dhoni,1,8.48
ipl20,201404,1216496,2nd innings,217,32,0,124/5,0,88,14.4,1,0,0,False,,28081,MS Dhoni,Chennai Super Kings,423838,Rahul Tewatia,Rajasthan Royals,,,44828,Faf du Plessis,1,8.45
ipl20,201405,1216496,2nd innings,217,31,0,130/5,0,89,14.5,6,0,0,False,,44828,Faf du Plessis,Chennai Super Kings,423838,Rahul Tewatia,Rajasthan Royals,,,28081,MS Dhoni,6,8.76
ipl20,201406,1216496,2nd innings,217,30,0,131/5,0,90,14.6,1,0,0,False,,44828,Faf du Plessis,Chennai Super Kings,423838,Rahul Tewatia,Rajasthan Royals,,,28081,MS Dhoni,1,8.73
ipl20,201501,1216496,2nd innings,217,30,0,132/5,0,90,15.0,1,1,1,False,,44828,Faf du Plessis,Chennai Super Kings,669855,Jofra Archer,Rajasthan Royals,,,28081,MS Dhoni,1,8.8
ipl20,201502,1216496,2nd innings,217,29,0,132/5,0,91,15.1,0,0,0,False,,44828,Faf du Plessis,Chennai Super Kings,669855,Jofra Archer,Rajasthan Royals,,,28081,MS Dhoni,0,8.7
ipl20,201503,1216496,2nd innings,217,28,0,136/5,0,92,15.2,4,0,0,False,,44828,Faf du Plessis,Chennai Super Kings,669855,Jofra Archer,Rajasthan Royals,,,28081,MS Dhoni,4,8.86
ipl20,201504,1216496,2nd innings,217,27,0,137/5,0,93,15.3,1,0,0,False,,44828,Faf du Plessis,Chennai Super Kings,669855,Jofra Archer,Rajasthan Royals,,,28081,MS Dhoni,1,8.83
ipl20,201505,1216496,2nd innings,217,26,0,137/5,0,94,15.4,0,0,0,False,,28081,MS Dhoni,Chennai Super Kings,669855,Jofra Archer,Rajasthan Royals,,,44828,Faf du Plessis,0,8.74
ipl20,201506,1216496,2nd innings,217,25,0,137/5,0,95,15.5,0,0,0,False,,28081,MS Dhoni,Chennai Super Kings,669855,Jofra Archer,Rajasthan Royals,,,44828,Faf du Plessis,0,8.65
ipl20,201507,1216496,2nd innings,217,24,0,138/5,0,96,15.6,1,0,0,False,,28081,MS Dhoni,Chennai Super Kings,669855,Jofra Archer,Rajasthan Royals,,,44828,Faf du Plessis,1,8.62
ipl20,201601,1216496,2nd innings,217,23,0,139/5,0,97,16.1,1,0,0,False,,28081,MS Dhoni,Chennai Super Kings,390484,Jaydev Unadkat,Rajasthan Royals,,,44828,Faf du Plessis,1,8.59
ipl20,201602,1216496,2nd innings,217,22,0,145/5,0,98,16.2,6,0,0,False,,44828,Faf du Plessis,Chennai Super Kings,390484,Jaydev Unadkat,Rajasthan Royals,,,28081,MS Dhoni,6,8.87
ipl20,201603,1216496,2nd innings,217,21,0,146/5,0,99,16.3,1,0,0,False,,44828,Faf du Plessis,Chennai Super Kings,390484,Jaydev Unadkat,Rajasthan Royals,,,28081,MS Dhoni,1,8.84
ipl20,201604,1216496,2nd innings,217,20,0,147/5,0,100,16.4,1,0,0,False,,28081,MS Dhoni,Chennai Super Kings,390484,Jaydev Unadkat,Rajasthan Royals,,,44828,Faf du Plessis,1,8.82
ipl20,201605,1216496,2nd innings,217,19,0,153/5,0,101,16.5,6,0,0,False,,44828,Faf du Plessis,Chennai Super Kings,390484,Jaydev Unadkat,Rajasthan Royals,,,28081,MS Dhoni,6,9.08
ipl20,201606,1216496,2nd innings,217,18,0,159/5,0,102,16.6,6,0,0,False,,44828,Faf du Plessis,Chennai Super Kings,390484,Jaydev Unadkat,Rajasthan Royals,,,28081,MS Dhoni,6,9.35
ipl20,201701,1216496,2nd innings,217,17,0,160/5,0,103,17.1,1,0,0,False,,28081,MS Dhoni,Chennai Super Kings,550235,Tom Curran,Rajasthan Royals,,,44828,Faf du Plessis,1,9.32
ipl20,201702,1216496,2nd innings,217,16,0,166/5,0,104,17.2,6,0,0,False,,44828,Faf du Plessis,Chennai Super Kings,550235,Tom Curran,Rajasthan Royals,,,28081,MS Dhoni,6,9.57
ipl20,201703,1216496,2nd innings,217,15,0,166/5,0,105,17.3,0,0,0,False,,44828,Faf du Plessis,Chennai Super Kings,550235,Tom Curran,Rajasthan Royals,,,28081,MS Dhoni,0,9.48
ipl20,201704,1216496,2nd innings,217,14,0,167/5,0,106,17.4,1,0,0,False,,44828,Faf du Plessis,Chennai Super Kings,550235,Tom Curran,Rajasthan Royals,,,28081,MS Dhoni,1,9.45
ipl20,201705,1216496,2nd innings,217,13,0,168/5,0,107,17.5,1,0,0,False,,28081,MS Dhoni,Chennai Super Kings,550235,Tom Curran,Rajasthan Royals,,,44828,Faf du Plessis,1,9.42
ipl20,201706,1216496,2nd innings,217,12,0,169/5,0,108,17.6,1,0,0,False,,44828,Faf du Plessis,Chennai Super Kings,550235,Tom Curran,Rajasthan Royals,,,28081,MS Dhoni,1,9.38
ipl20,201801,1216496,2nd innings,217,11,0,171/5,0,109,18.1,2,0,0,False,,44828,Faf du Plessis,Chennai Super Kings,669855,Jofra Archer,Rajasthan Royals,,,28081,MS Dhoni,2,9.41
ipl20,201802,1216496,2nd innings,217,10,0,172/5,0,110,18.2,1,0,0,False,,44828,Faf du Plessis,Chennai Super Kings,669855,Jofra Archer,Rajasthan Royals,,,28081,MS Dhoni,1,9.38
ipl20,201803,1216496,2nd innings,217,9,0,173/5,0,111,18.3,1,0,0,False,,28081,MS Dhoni,Chennai Super Kings,669855,Jofra Archer,Rajasthan Royals,,,44828,Faf du Plessis,1,9.35
ipl20,201804,1216496,2nd innings,217,8,0,179/5,0,112,18.4,6,0,0,False,,44828,Faf du Plessis,Chennai Super Kings,669855,Jofra Archer,Rajasthan Royals,,,28081,MS Dhoni,6,9.58
ipl20,201805,1216496,2nd innings,217,7,0,179/6,6,113,18.5,0,0,0,True,caught,44828,Faf du Plessis,Chennai Super Kings,669855,Jofra Archer,Rajasthan Royals,669855,Jofra Archer,28081,MS Dhoni,0,9.5
ipl20,201806,1216496,2nd innings,217,6,0,179/6,0,114,18.6,0,0,0,False,,234675,Ravindra Jadeja,Chennai Super Kings,669855,Jofra Archer,Rajasthan Royals,,,28081,MS Dhoni,0,9.42
ipl20,201901,1216496,2nd innings,217,5,0,180/6,0,115,19.1,1,0,0,False,,28081,MS Dhoni,Chennai Super Kings,550235,Tom Curran,Rajasthan Royals,,,234675,Ravindra Jadeja,1,9.39
ipl20,201902,1216496,2nd innings,217,4,0,181/6,0,116,19.2,1,0,0,False,,234675,Ravindra Jadeja,Chennai Super Kings,550235,Tom Curran,Rajasthan Royals,,,28081,MS Dhoni,1,9.36
ipl20,201903,1216496,2nd innings,217,3,0,187/6,0,117,19.3,6,0,0,False,,28081,MS Dhoni,Chennai Super Kings,550235,Tom Curran,Rajasthan Royals,,,234675,Ravindra Jadeja,6,9.58
ipl20,201904,1216496,2nd innings,217,2,0,193/6,0,118,19.4,6,0,0,False,,28081,MS Dhoni,Chennai Super Kings,550235,Tom Curran,Rajasthan Royals,,,234675,Ravindra Jadeja,6,9.81
ipl20,201905,1216496,2nd innings,217,1,0,199/6,0,119,19.5,6,0,0,False,,28081,MS Dhoni,Chennai Super Kings,550235,Tom Curran,Rajasthan Royals,,,234675,Ravindra Jadeja,6,10.03
ipl20,201906,1216496,2nd innings,217,0,0,200/6,0,120,19.6,1,0,0,False,,28081,MS Dhoni,Chennai Super Kings,550235,Tom Curran,Rajasthan Royals,,,234675,Ravindra Jadeja,1,10.0
